,number,name,seniority,country,has_website,estimated_contribution_minimize,auto_consistency,teleop_consistency,auto_park,tele_ascent,auto_sample_net,auto_sample_low,auto_sample_high,auto_specimen_low,auto_specimen_high,teleop_sample_net,teleop_sample_low,teleop_sample_high,teleop_specimen_low,teleop_specimen_high,foul_points,auto_points,teleop_points,total_points,rank,estimated_contribution_opr,wins,losses,ties,award,award_rank
0,22035,Tundra,3,Canada,True,26.325,0.7029689145934026,0.6902008247339811,1.0,10.598958333333334,0.0,0.0,0.6666666666666666,0.0,0.375,0.625,0.4166666666666667,4.375,0.0,1.625,3.3333333333333335,11.083333333333334,74.41666666666667,85.5,17.666666666666668,39.28835136700734,7,10,0,Inspire Award Finalist,2
0,16448,A.I.M. Bot Robotics,6,Canada,False,21.525,0.6813653466302789,0.6716975848467093,2.6,9.0,0.0,0.0,2.3333333333333335,0.0,1.2,1.3333333333333333,0.5333333333333333,9.466666666666667,0.0,3.6666666666666665,4.0,34.666666666666664,131.0,165.66666666666666,9.0,112.91800829958622,7,4,0,NONE,0
0,20809,Coyotes 1000,4,Canada,False,37.525,0.6464466094067263,0.6726670882407768,2.25,1.5,0.0,0.0,0.0,0.0,1.125,0.125,1.25,1.375,0.0,4.125,2.5,14.25,69.125,83.375,6.0,54.04696111913813,4,2,0,NONE,0
0,16397,Relatively Quantum,6,Canada,True,23.0,0.6741418673335859,0.7051907710774034,0.0,0.6745562130177516,0.07692307692307693,0.0,0.6923076923076923,0.0,0.5384615384615384,0.6923076923076923,0.15384615384615385,2.6153846153846154,0.0,2.6153846153846154,3.4615384615384617,12.0,60.15384615384615,72.15384615384616,24.5,24.369070281592744,2,11,0,Inspire Award Finalist,2
0,27690,Warriors Robotics Team 2,1,Canada,False,4.4,0.579342033238404,0.6222568248828912,0.0,0.6,0.0,0.2,0.4,0.2,0.0,1.2,1.6,1.2,0.2,0.4,23.0,6.4,29.0,35.4,17.0,4.5143055736657365,1,4,0,NONE,0
0,27989,FMM Magic 22,1,Canada,False,8.2,0.7119405969301302,0.6739964442257667,0.0,1.4583333333333333,0.3333333333333333,0.0,0.25,0.0,0.0,1.25,0.9166666666666666,1.0833333333333333,0.08333333333333333,0.3333333333333333,5.833333333333333,3.1666666666666665,24.916666666666668,28.083333333333332,12.5,8.847783119695839,4,6,0,NONE,0
0,25929,WCS Superposition,1,Canada,False,3.0,0.7864728829689538,0.7393913772251381,0.13636363636363635,1.3636363636363635,0.13636363636363635,0.0,0.22727272727272727,0.0,0.36363636363636365,1.5,0.5909090909090909,0.8181818181818182,0.045454545454545456,2.1818181818181817,4.318181818181818,6.954545454545454,39.72727272727273,46.68181818181818,12.5,22.652247359470703,15,16,0,Inspire Award Finalist,2
0,25809,Newtonbrook,1,Canada,False,20.0,,0.6169595321640284,2.4,12.0,0.0,0.0,0.0,0.0,0.0,1.0,1.0,0.0,0.0,1.0,3.0,3.0,32.8,35.8,26.0,24.281107466698124,2,3,0,Motivate Award Finalist,23
0,27964,Mackenzie Robotics,1,Canada,False,20.0,0.5633937700856755,0.5585702177919308,0.0,3.0,0.0,0.0,0.2,0.0,0.0,0.6,2.4,5.8,0.0,0.0,3.0,2.2,64.4,66.6,17.0,17.454835893851495,3,2,0,NONE,0
0,22831,THEORY1,3,Canada,False,11.399999999999999,0.6644747990182747,0.7152265663372708,0.6,9.3,0.1,0.0,0.5,0.0,0.2,1.2,0.4,2.7,0.0,1.8,4.5,6.8,59.8,66.6,21.0,43.54328685542599,4,6,0,NONE,0
0,26188,URL Uncertified,1,Canada,True,9.450000000000001,0.6970795564761603,0.7264628082731253,2.0689655172413794,4.9655172413793105,0.41379310344827586,0.034482758620689655,0.10344827586206896,0.034482758620689655,0.7586206896551724,1.0344827586206897,0.9655172413793104,0.7931034482758621,0.06896551724137931,3.3448275862068964,0.6896551724137931,11.96551724137931,55.03448275862069,67.0,4.5,55.133352550552,21,10,0,Inspire Award Finalist,2
0,27953,Sparkans Sporkans,1,Canada,False,8.4,0.7973364179914717,0.7349430211277854,1.8461538461538463,5.076923076923077,0.11538461538461539,0.07692307692307693,0.23076923076923078,0.0,0.07692307692307693,0.6538461538461539,0.6923076923076923,2.1923076923076925,0.2692307692307692,2.576923076923077,1.7307692307692308,5.923076923076923,57.88461538461539,63.80769230769231,11.0,55.47138127872735,16,9,0,Design Award Winner,19
0,17070,(R)EVOLUTION,6,Canada,False,103.0,0.6857316895827076,0.6699908080636747,0.375,2.625,0.0,0.0,3.0,0.0,1.0,0.375,0.0,8.375,0.0,3.875,6.25,35.125,117.75,152.875,1.0,90.15277902697837,5,0,0,NONE,0
0,16031,PARABELLUM,7,Canada,True,16.15,0.6954434246818461,0.6640875854860742,0.2727272727272727,0.8181818181818182,0.0,0.0,0.36363636363636365,0.0,0.0,1.4545454545454546,1.2727272727272727,3.272727272727273,0.0,2.272727272727273,5.454545454545454,4.2727272727272725,61.27272727272727,65.54545454545455,18.5,30.22732716943991,3,8,0,NONE,0
0,19521,DOC BOTICS,4,Canada,False,16.8,0.7248404114563081,0.7169170637517674,0.12,10.08,0.04,0.04,1.24,0.0,0.24,0.32,0.08,7.04,0.04,1.16,4.8,13.52,83.16,96.68,19.333333333333332,60.586136907531895,7,10,0,NONE,0
0,18433,MakeShift Tech,5,Canada,True,112.0,0.6868063254505644,0.6585081940244075,2.625,2.625,0.125,0.0,0.125,0.0,1.75,0.75,0.0,3.625,0.0,7.5,3.125,22.125,113.375,135.5,2.0,92.84997421349635,4,1,0,Winning Alliance Award Winners,5
0,13459,Dudley Dash,8,Canada,False,18.05,0.66401121504046,0.6477559579862071,0.46153846153846156,2.076923076923077,0.07692307692307693,0.0,0.6923076923076923,0.0,1.0769230769230769,1.0769230769230769,0.38461538461538464,4.0,0.0,2.769230769230769,6.153846153846154,18.307692307692307,70.76923076923077,89.07692307692308,15.5,22.892671333371524,4,9,0,NONE,0
0,16596,CAI - Crazy Artificial Intelligence,6,Canada,False,16.8,0.7231876186254717,0.7194270814801046,0.42857142857142855,2.5714285714285716,0.03571428571428571,0.0,0.35714285714285715,0.0,0.35714285714285715,1.0,0.21428571428571427,3.5357142857142856,0.0,3.25,1.4285714285714286,8.0,74.03571428571429,82.03571428571429,4.25,58.717277592060185,26,5,0,Motivate Award Winner,22
0,20267,Gravity,4,Canada,True,80.0,0.7003435404848097,0.715598870675106,0.0,10.125,0.0,0.0,1.375,0.0,2.25,1.25,0.125,4.125,0.0,7.25,6.25,33.875,120.125,154.0,10.0,103.97435872762784,3,2,0,NONE,0
0,24492,Franco Griffons,2,Canada,False,6.6499999999999995,0.6778051462088138,0.7016385063666498,0.9545454545454546,1.9090909090909092,0.045454545454545456,0.0,0.045454545454545456,0.045454545454545456,0.36363636363636365,1.7727272727272727,0.7272727272727273,1.8181818181818181,0.045454545454545456,2.1363636363636362,2.5,6.0,48.77272727272727,54.77272727272727,15.5,52.95431484380955,15,16,0,Rockwell Collins Innovate Award Winner,16
0,18191,St. Pat's CSA9,6,Canada,True,17.0,,0.4749093748608213,0.0,3.0,0.0,0.0,0.0,0.0,0.0,3.0,0.6666666666666666,0.3333333333333333,1.0,0.0,1.6666666666666667,0.0,22.333333333333332,22.333333333333332,16.0,10.594209590538835,1,2,0,NONE,0
0,27437,TPS Spartans,1,Canada,False,3.1500000000000004,0.5768959782364222,0.6174928507664815,0.6,7.8,0.0,0.0,0.0,0.0,0.4,2.4,0.8,0.0,0.0,1.8,7.0,5.8,34.4,40.2,20.0,3.9319269295725783,2,3,0,NONE,0
0,28487,Grizzlis,1,Canada,False,3.9000000000000004,0.7461577671452586,0.7609133145328421,1.0909090909090908,8.590909090909092,0.2727272727272727,0.0,0.09090909090909091,0.0,0.09090909090909091,2.4545454545454546,1.4090909090909092,0.5,0.045454545454545456,1.2272727272727273,3.409090909090909,4.090909090909091,40.04545454545455,44.13636363636363,21.0,51.79054177316881,10,15,0,NONE,0
0,18158,The Futuristics,6,Canada,True,51.675,0.8120484001267148,0.7619702779302456,1.75,7.625,0.041666666666666664,0.0,3.2083333333333335,0.0,0.7083333333333334,0.3333333333333333,0.125,5.75,0.0,3.2083333333333335,1.875,35.458333333333336,91.875,127.33333333333333,4.666666666666667,92.56381002586595,14,5,0,Inspire Award Winner,1
0,26025,Furious Frogs,1,Canada,False,27.549999999999997,0.6866348602567451,0.6860943409218961,2.2,1.8,0.0,0.0,1.1333333333333333,0.0,3.0,0.8,0.0,8.133333333333333,0.0,5.933333333333334,4.666666666666667,41.666666666666664,130.2,171.86666666666667,1.5,134.41674938591746,10,1,0,NONE,0
0,25748,NCS Trail blazers,1,Canada,False,35.0,0.6866127750577453,0.7044085861105011,0.2,2.2,0.2,0.0,0.3333333333333333,0.0,0.8666666666666667,0.6,0.6666666666666666,4.866666666666666,0.26666666666666666,4.333333333333333,6.666666666666667,13.333333333333334,94.53333333333333,107.86666666666666,8.5,45.300856904417984,8,5,0,NONE,0
0,24232,PMR INFERNO,2,Canada,False,32.175,0.6467559751278562,0.6519413232665145,0.75,1.875,0.0,0.0,1.125,0.0,1.0,0.25,0.125,5.25,0.0,4.5,5.625,20.5,92.875,113.375,17.0,34.93629576394133,4,4,0,NONE,0
0,28915,FFCA NMS Cobras 2.0,1,Canada,False,-0.00025,0.6104773547578233,0.6366141590376604,0.0,0.08333333333333333,0.0,0.0,0.6666666666666666,0.0,0.0,1.0,0.0,1.8333333333333333,0.3333333333333333,0.8333333333333334,0.0,7.333333333333333,31.5,38.833333333333336,25.0,-3.851810889228867,1,4,0,NONE,0
0,27931,ALCA Robotics,1,Canada,False,4.2,0.6613938125231194,0.7106258734673533,0.0,1.8317580340264648,1.173913043478261,0.043478260869565216,0.08695652173913043,0.0,0.21739130434782608,1.9130434782608696,0.7391304347826086,0.9130434782608695,0.08695652173913043,3.0869565217391304,5.434782608695652,6.043478260869565,51.608695652173914,57.65217391304348,19.25,64.59497018180512,9,22,0,NONE,0
0,26145,Nighthawks Robotics 2,1,Canada,False,3.8,0.7201138217404845,0.69984681130655,0.5714285714285714,11.857142857142858,0.3333333333333333,0.0,0.42857142857142855,0.19047619047619047,1.3333333333333333,1.8571428571428572,0.6190476190476191,1.380952380952381,0.2857142857142857,3.2857142857142856,1.4285714285714286,19.142857142857142,66.52380952380952,85.66666666666667,6.333333333333333,82.44175100516804,17,9,0,Inspire Award Finalist,2
0,22242,Alpha Dogs Omega,3,Canada,True,29.0,0.7152724445131489,0.7235243902120436,1.125,1.3125,0.1875,0.0,0.3125,0.0,0.6875,1.375,0.25,3.8125,0.0,2.5,5.3125,11.625,68.25,79.875,16.0,52.7728938889693,5,5,0,NONE,0
0,19446,Team Titans Go,4,Canada,False,11.55,0.7090909675087724,0.7423985542573996,1.5,1.9615384615384615,0.0,0.0,0.9615384615384616,0.0,1.6153846153846154,0.6923076923076923,0.2692307692307692,4.653846153846154,0.0,4.269230769230769,5.961538461538462,26.153846153846153,92.76923076923077,118.92307692307692,5.666666666666667,94.5945465968582,12,7,0,Finalist Alliance Award Winners,7
0,26089,Cyber Eagles - Topaz,1,Canada,True,6.300000000000001,0.6902330772691689,0.7551133939855247,1.5,2.25,0.05,0.0,0.5,0.05,0.6,0.95,1.0,2.85,0.05,2.55,2.0,12.65,59.6,72.25,7.666666666666667,57.91913140882098,18,8,0,Think Award Winner,10
0,22460,SJHS Gyro Falcons - BotLobster,3,Canada,False,6.824999999999999,0.6660969780457574,0.7446027854783668,1.4210526315789473,2.210526315789474,0.47368421052631576,0.05263157894736842,0.0,0.0,0.3157894736842105,1.631578947368421,1.105263157894737,0.10526315789473684,0.05263157894736842,1.736842105263158,2.8947368421052633,6.526315789473684,33.0,39.526315789473685,7.333333333333333,21.068459102175716,12,14,0,Design Award Winner,19
0,10015,Hyper Droid,10,Canada,True,7.0,0.74197317399698,0.7435443226301188,1.9,4.3,0.06666666666666667,0.03333333333333333,1.9333333333333333,0.0,1.1333333333333333,0.43333333333333335,0.2,6.6,0.03333333333333333,4.966666666666667,1.8333333333333333,29.966666666666665,113.13333333333334,143.1,1.0,140.61660962943728,31,0,0,Inspire Award Finalist,3
0,20278,Neurobots #1,4,Canada,False,90.675,0.6818019484660536,0.6168069859523662,2.25,12.0,0.0,0.0,2.625,0.0,1.625,0.375,0.125,8.375,0.0,5.0,6.875,40.25,131.75,172.0,5.0,115.07226126098664,4,1,0,Winning Alliance Award Winners,5
0,27798,Lakers1,1,Canada,False,3.0,0.4920629960319882,0.5948553070541066,0.0,7.2,0.0,0.0,0.0,0.0,0.4,0.4,0.8,0.0,0.2,1.4,7.0,4.6,27.6,32.2,17.0,2.3400778130793602,1,4,0,NONE,0
0,21760,Tech Master,3,Canada,True,17.8875,0.5892080818711254,0.618208875417569,0.6,1.2,0.2,0.0,0.0,0.0,0.2,1.6,1.6,0.2,0.0,1.6,7.0,3.6,33.2,36.8,34.0,8.34099729721426,1,4,0,Rockwell Collins Innovate Award Finalist,17
0,27402,EVOLUTION - 2,1,Canada,False,22.7125,0.5661341325452143,0.6029563602293382,1.8,1.8,0.0,0.0,0.0,0.0,1.0,1.4,0.2,2.4,0.0,2.6,3.0,11.8,59.6,71.4,22.0,23.18193107806509,2,3,0,NONE,0
0,28195,G.0.R.T,1,Canada,False,8.4,0.5998417098235128,0.6919430589711322,0.25,4.25,0.0,0.0,0.16666666666666666,0.0,0.25,0.75,0.9166666666666666,2.0,0.25,0.6666666666666666,4.583333333333333,4.583333333333333,37.583333333333336,42.166666666666664,13.0,18.208737683786705,4,8,0,Motivate Award Winner,22
0,28781,SMS Robocats 2,1,Canada,False,2.1,0.4522774424948338,0.6008514980270889,0.0,1.8,0.4,0.0,0.0,0.0,0.0,4.8,0.8,0.0,0.0,0.0,4.0,0.8,15.2,16.0,2.0,7.475000000000005,2,3,0,NONE,0
0,24522,MÃ©caDucks,2,Canada,False,6.25e-05,0.5784659808355894,0.6686886734078314,1.125,15.0,0.0,0.0,0.375,0.0,1.75,0.5,0.25,5.0,0.0,3.75,6.875,22.375,100.125,99.0,3.0,56.45270377744046,5,0,0,Judges' Award Winner,56
0,21396,LP Robotics,3,Canada,False,8.549999999999999,0.6761523424682094,0.7111309403779599,2.1,2.4,0.1,0.0,0.3,0.0,0.1,2.4,0.2,3.2,0.1,0.4,3.5,6.3,42.7,49.0,18.5,20.815700314454702,3,7,0,Design Award Winner,19
0,28071,Dragon Fire,1,Canada,False,13.649999999999999,0.5616080520812454,0.5752856576099649,0.0,1.8,0.0,0.0,0.4,0.0,0.2,1.8,0.6,2.0,0.0,1.0,5.0,5.8,40.4,46.2,21.0,13.210083319567495,2,3,0,NONE,0
0,14316,MDR Entradox,8,Canada,False,7.6,0.42264973081037427,0.47958350013346684,0.0,3.0,0.0,0.0,0.0,0.0,0.0,3.6666666666666665,0.3333333333333333,0.0,0.0,1.3333333333333333,0.0,2.0,28.0,30.0,10.0,11.843955107459514,2,1,0,NONE,0
0,24124,Nighthawks Robotics,2,Canada,False,67.72500000000001,0.7489722348297425,0.705518868586713,1.8,5.4,0.2,0.0,0.8,0.05,1.75,1.7,0.25,3.25,0.05,4.9,0.25,26.4,90.2,116.6,1.0,101.83312574404316,26,0,0,Inspire Award Finalist,3
0,24484,Victoria Park Panthers,2,Canada,False,5.699999999999999,0.63265923706848,0.690288360987026,0.0,1.29,0.0,0.0,0.4,0.0,0.1,0.2,1.1,3.8,0.0,0.9,1.5,5.1,53.2,58.3,22.0,14.809937559072674,3,7,0,Rockwell Collins Innovate Award Winner,16
0,19530,The Thunderbirds,4,Canada,True,70.0,0.7341125789179654,0.6980375391042011,0.0,18.3,0.23333333333333334,0.03333333333333333,1.3333333333333333,0.0,1.3333333333333333,0.4,0.16666666666666666,5.2,0.0,4.933333333333334,5.0,25.3,116.3,141.6,11.666666666666666,101.77668333216808,10,8,0,Inspire Award Winner,1
0,19500,RoBEARtics,4,Canada,False,30.0,0.7377455339578645,0.7433219441487408,0.1111111111111111,2.111111111111111,0.0,0.0,1.0740740740740742,0.0,0.9259259259259259,0.5925925925925926,0.37037037037037035,10.851851851851851,0.0,3.5925925925925926,4.444444444444445,19.40740740740741,130.85185185185185,150.25925925925927,4.333333333333333,114.54591304410695,14,3,0,Inspire Award Winner,1
0,16205,Lightning Bots,7,Canada,False,55.0,0.6705328940042885,0.7000342332408027,2.2,2.3066666666666666,0.06666666666666667,0.0,2.0,0.0,1.9333333333333333,0.4,0.0,8.533333333333333,0.0,6.266666666666667,5.666666666666667,38.86666666666667,142.33333333333334,181.2,3.0,113.72804021345613,9,2,0,NONE,0
0,27344,~untitled,1,Canada,False,2.05,0.7202956382079003,0.7019536112756106,0.6818181818181818,1.2272727272727273,0.0,0.045454545454545456,0.6818181818181818,0.0,1.4090909090909092,0.5,0.22727272727272727,4.2727272727272725,0.045454545454545456,3.6363636363636362,10.909090909090908,21.363636363636363,76.95454545454545,98.31818181818181,14.333333333333334,63.324585604692956,7,10,1,Finalist Alliance Award Winners,7
0,18017,Pionniers,6,Canada,True,71.175,0.6377496770978834,0.6678715360295847,0.2727272727272727,15.0,0.0,0.0,1.3636363636363635,0.0,1.2727272727272727,0.2727272727272727,0.09090909090909091,7.363636363636363,0.0,5.454545454545454,6.818181818181818,24.454545454545453,131.27272727272728,155.72727272727272,13.0,80.70251875192073,3,2,0,Finalist Alliance Award Winners,8
0,14717,Mandela United Squadron - Second Unit,7,Canada,False,8.4,0.6929885139129386,0.7040711253324754,0.2727272727272727,2.727272727272727,0.3181818181818182,0.0,0.045454545454545456,0.045454545454545456,0.18181818181818182,3.5,0.5,0.22727272727272727,0.09090909090909091,1.5909090909090908,1.8181818181818181,4.590909090909091,33.27272727272727,37.86363636363637,17.0,19.791041644208608,11,20,0,NONE,0
0,26032,FFCA Cobras1.0,1,Canada,False,8.2,0.6991189801869584,0.7333558251622729,0.375,7.25,0.041666666666666664,0.041666666666666664,0.20833333333333334,0.0,0.4166666666666667,1.9583333333333333,0.5833333333333334,1.5833333333333333,0.0,1.75,3.125,7.208333333333333,48.291666666666664,55.5,17.0,63.51796828644662,13,18,0,NONE,0
0,26256,SWERVO,1,Canada,False,19.0,0.6678592763338703,0.6916882290446762,1.6875,1.875,0.125,0.0,0.3125,0.0,0.375,1.0,0.3125,3.4375,0.0,0.9375,3.4375,9.125,48.9375,58.0625,16.0,18.7388556303424,5,5,0,Judges' Award Winner,56
0,21395,AlBaqir Academy,3,Canada,False,11.0,0.7046943241709183,0.6980132001718754,0.48,7.68,0.2,0.0,0.68,0.0,0.32,1.4,0.24,3.96,0.0,2.16,3.2,11.08,67.0,78.08,9.0,48.50256965885236,20,11,0,Inspire Award Winner,1
0,28115,Stormbots,1,Canada,True,14.0,0.7184590864615673,0.644245927197836,1.125,8.25,0.0,0.0,0.0625,0.0,0.0625,0.75,0.875,2.625,0.0,0.3125,5.9375,3.9375,40.0,43.9375,9.5,14.893544681618502,7,3,0,NONE,0
0,20125,Webber Cosmic Cats,4,Canada,False,43.050000000000004,0.705809333682817,0.6893055038162927,0.72,6.36,0.0,0.04,0.76,0.0,0.76,0.52,0.64,3.92,0.0,5.0,2.0,15.52,98.76,114.28,7.5,87.78804077666797,18,10,3,Winning Alliance Award Winners,5
0,26044,Panther Robotics,1,Canada,False,7.0,0.7250548097543695,0.6670839191581204,0.0,1.3636363636363635,0.045454545454545456,0.045454545454545456,0.2727272727272727,0.0,0.5,1.0,0.7272727272727273,2.1363636363636362,0.0,1.7272727272727273,1.1363636363636365,8.818181818181818,42.95454545454545,51.77272727272727,15.0,22.88279971550823,12,19,0,NONE,0
0,28302,Cardinal Robotics,1,Canada,False,13.0,0.5356456094748323,0.5523134390557631,1.8,9.0,0.0,0.0,0.4,0.0,0.2,1.2,0.8,2.2,0.0,1.2,1.0,8.2,44.8,53.0,19.0,12.646536931669406,2,3,0,NONE,0
0,24414,MDR Astrixx,2,Canada,False,16.575,0.29289321881345254,0.2928932188134524,0.0,1.5,0.0,0.0,0.0,0.0,0.0,3.5,1.0,0.0,0.0,2.0,2.5,1.5,35.5,37.0,18.0,7.518047186293404,0,2,0,NONE,0
0,17453,T.U.R.B.O.,6,Canada,False,18.900000000000002,0.6365483944222152,0.7058376197317208,0.9230769230769231,2.5384615384615383,0.07692307692307693,0.0,0.46153846153846156,0.0,0.5384615384615384,0.9230769230769231,0.15384615384615385,2.923076923076923,0.07692307692307693,2.769230769230769,6.153846153846154,11.307692307692308,58.15384615384615,69.46153846153847,17.5,22.343935375062603,3,10,0,NONE,0
0,26108,Macatronics,1,Canada,False,10.0,0.641162704634183,0.6971371581306809,0.2727272727272727,2.4545454545454546,0.0,0.0,0.36363636363636365,0.0,0.0,1.7272727272727273,0.5454545454545454,1.8181818181818181,0.5454545454545454,0.18181818181818182,4.090909090909091,3.1818181818181817,30.454545454545453,33.63636363636363,25.5,12.761751360759286,2,8,0,NONE,0
0,24790,MDR Serenity,2,Canada,False,2.0,,0.29289321881345254,0.0,1.5,0.0,0.0,0.0,0.0,0.0,1.0,0.0,0.0,0.0,0.0,0.0,0.0,5.0,5.0,20.0,-6.993936219866016,0,2,0,NONE,0
0,23278,RoBoss,2,Canada,False,6.0,0.739583457267529,0.7248014067363975,0.96,2.88,0.48,0.0,0.4,0.08,0.4,2.0,0.36,2.32,0.16,1.8,2.2,10.2,50.76,60.96,17.25,67.98907732661469,12,19,0,Think Award Finalist,11
0,27294,Team Titans 3: Robo_Trinity,1,Canada,False,13.65,0.7303559021441288,0.7016497944299311,2.0625,10.6875,0.0,0.0,0.0,0.0,0.3125,0.8125,0.5625,0.8125,0.0,3.1875,5.9375,7.0625,57.0625,64.125,8.5,31.05997653333753,7,5,0,NONE,0
0,3491,FIX IT,16,Canada,True,5.0,0.7135988190107975,0.7281236202370351,0.0,2.4489795918367347,0.25,0.0,1.7142857142857142,0.03571428571428571,1.2142857142857142,0.42857142857142855,0.32142857142857145,8.107142857142858,0.17857142857142858,3.642857142857143,4.821428571428571,27.964285714285715,113.17857142857143,141.14285714285714,3.75,151.2848640402904,22,8,0,Finalist Alliance Award Winners,7
0,27821,Rundle Robotics Yamnuska,1,Canada,False,17.425,0.6788917852599535,0.7418915803256391,0.7241379310344828,9.413793103448276,0.06896551724137931,0.0,0.896551724137931,0.0,1.103448275862069,0.41379310344827586,0.034482758620689655,6.275862068965517,0.10344827586206896,4.0,1.896551724137931,20.103448275862068,106.89655172413794,127.0,6.75,91.10956653430979,20,11,0,Winning Alliance Award Winners,5
0,20277,Tornades Chasers,4,Canada,True,35.0,0.5770268921077842,0.596103849126317,0.0,15.6,0.0,0.0,0.6,0.0,0.0,0.6,0.2,4.4,0.0,1.4,8.0,5.4,67.4,72.8,19.0,36.3201172856362,3,2,0,Think Award Winner,10
0,18960,Lo-Ellen EDIT (BLUE),5,Canada,False,4.2,0.5489910301234675,0.7390495205780657,0.2727272727272727,6.545454545454546,0.0,0.0,0.36363636363636365,0.0,0.0,1.0,0.9090909090909091,1.6363636363636365,0.0,0.45454545454545453,5.0,3.727272727272727,33.90909090909091,37.63636363636363,16.5,19.24850111497161,5,6,0,Motivate Award Winner,22
0,20706,Thom Trojans,4,Canada,False,34.0,0.6401389156910683,0.534378766820639,2.4,3.6,0.0,0.0,0.0,0.0,1.0,1.4,0.8,1.0,0.0,3.0,2.0,12.4,50.0,62.4,22.0,34.24858947460259,1,4,0,NONE,0
0,24733,Neurobots #2,2,Canada,False,54.325,0.5840482323443341,0.5884080968521828,0.0,1.8,0.0,0.0,1.4,0.0,0.8,0.0,0.0,5.8,0.0,3.2,4.0,20.4,85.0,105.4,12.0,55.16616197514952,3,2,0,NONE,0
0,20085,Pumabotics,4,Canada,False,-0.00025,0.7644175417682411,0.7469919681795614,1.5,2.3181818181818183,0.09090909090909091,0.0,0.4090909090909091,0.0,0.2727272727272727,3.1818181818181817,0.13636363636363635,2.090909090909091,0.09090909090909091,1.6363636363636365,2.9545454545454546,9.045454545454545,45.86363636363637,54.90909090909091,11.75,33.512001087593454,14,17,0,NONE,0
0,14022,Phoenix Fire - Springbank Robotics Team 2,8,Canada,False,28.275,0.7520763217316533,0.7073473192161717,0.8823529411764706,9.705882352941176,0.11764705882352941,0.0,0.29411764705882354,0.0,0.11764705882352941,1.0,0.23529411764705882,4.0,0.17647058823529413,1.8823529411764706,2.3529411764705883,6.0588235294117645,69.6470588235294,75.70588235294117,11.0,58.99851156567807,16,10,0,Inspire Award Finalist,3
0,22188,Bishop O'Beep Boop,3,Canada,False,16.0,0.6469082197577547,0.7003802164552694,1.2,2.16,0.16,0.04,1.72,0.04,0.08,1.4,0.16,4.52,0.08,1.04,1.2,17.08,56.0,73.08,8.0,94.36974279430174,18,13,0,NONE,0
0,4169,URL - 2024-2025 ROBORAMS,15,Canada,True,22.0,0.6667869384848821,0.7392267068302525,1.7727272727272727,2.206611570247934,0.22727272727272727,0.045454545454545456,0.13636363636363635,0.0,0.45454545454545453,2.0,0.45454545454545453,1.2727272727272727,0.09090909090909091,2.8636363636363638,2.272727272727273,8.454545454545455,53.22727272727273,61.68181818181818,1.0,40.84633213111797,25,1,0,Winning Alliance Award Winners,4
0,18039,Blazebots,6,Canada,False,39.9,0.6841758020870659,0.629132863215371,1.2,1.8,0.3,0.3,1.0,0.0,0.4,0.4,1.3,3.9,0.0,1.6,1.0,16.8,64.9,81.7,10.0,21.701659346955275,3,7,0,Connect Award Winner,13
0,26374,MMC Innovators,1,Canada,False,11.7,0.6521667261853723,0.6687611100207962,1.5,5.5,0.16666666666666666,0.0,0.08333333333333333,0.0,0.3333333333333333,1.0,0.6666666666666666,0.9166666666666666,0.0,1.6666666666666667,2.5,6.583333333333333,37.916666666666664,44.5,15.0,23.930875625410724,6,4,0,NONE,0
0,24418,Canoe,2,Canada,False,10.0,0.5606401963799634,0.6897582603648539,0.3,1.1400000000000001,0.4,0.0,0.2,0.0,0.2,1.6,1.3,0.7,0.1,1.4,6.0,5.9,40.6,46.5,15.0,31.855899505719854,5,5,0,NONE,0
0,22712,Croissant,3,Canada,False,37.800000000000004,0.5993717950769296,0.6086881039375369,0.6,1.8,0.2,0.0,0.6,0.0,0.4,3.0,0.6,2.2,0.0,2.0,7.0,11.0,57.4,68.4,5.0,23.681818181818162,1,4,0,NONE,0
0,24226,Warriors Robotics Team 1,2,Canada,False,16.15,0.7062134316222625,0.7625237233508285,0.23076923076923078,11.423076923076923,0.11538461538461539,0.038461538461538464,1.2692307692307692,0.0,0.4230769230769231,0.6153846153846154,0.3076923076923077,4.269230769230769,0.07692307692307693,1.9230769230769231,2.3076923076923075,16.5,73.84615384615384,90.34615384615384,6.25,73.63193572995516,22,9,0,Finalist Alliance Award Winners,7
0,18444,STS Spartan Apex,5,Canada,False,5.925,0.7436200572760185,0.7643301638643136,1.0588235294117647,1.9411764705882353,0.058823529411764705,0.0,0.23529411764705882,0.0,0.4117647058823529,2.1176470588235294,0.11764705882352941,2.1176470588235294,0.0,1.8823529411764706,1.4705882352941178,7.882352941176471,45.588235294117645,53.470588235294116,13.666666666666666,26.339807233272282,11,15,0,Connect Award Winner,13
0,16871,Corax Machina,6,Canada,False,20.9,0.7404574488049129,0.6939911744185978,0.5714285714285714,2.142857142857143,0.14285714285714285,0.0,1.1904761904761905,0.0,0.6190476190476191,0.9523809523809523,0.14285714285714285,5.095238095238095,0.0,1.9047619047619047,1.1904761904761905,18.142857142857142,69.57142857142857,87.71428571428571,2.3333333333333335,54.12560773407289,25,1,0,Finalist Alliance Award Winners,7
0,27379,St. Peter Knights 2,1,Canada,False,-0.00025,0.6015338753102686,0.7189513767238966,0.0,1.5,0.0,0.0,0.5,0.0,0.25,1.1666666666666667,0.3333333333333333,1.3333333333333333,0.6666666666666666,0.8333333333333334,5.833333333333333,7.0,32.666666666666664,39.666666666666664,11.0,17.128301728114657,4,8,0,NONE,0
0,19486,RoboHawks,4,Canada,False,9.0,0.7144582501470391,0.6440669429738293,0.0,2.0330578512396693,0.0,0.09090909090909091,0.09090909090909091,0.0,0.0,0.7272727272727273,1.1818181818181819,0.5454545454545454,0.18181818181818182,1.9090909090909092,3.1818181818181817,2.727272727272727,38.63636363636363,41.36363636363637,23.0,20.539908996032658,2,9,0,NONE,0
0,22598,Triton Tech,3,Canada,False,14.0,0.5189543070791653,0.5329664599638588,2.4,1.2,0.0,0.2,0.2,0.0,0.2,2.0,0.2,2.2,0.0,1.0,1.0,8.0,40.2,48.2,21.0,17.981260420015936,2,3,0,NONE,0
0,20261,Drive Gears,4,Canada,False,16.8,0.7557939173215246,0.7028488774549038,1.3928571428571428,2.4489795918367347,0.07142857142857142,0.0,0.6071428571428571,0.0,0.7142857142857143,1.0714285714285714,0.4642857142857143,3.107142857142857,0.10714285714285714,2.8214285714285716,10.0,14.392857142857142,69.39285714285714,83.78571428571429,10.75,75.89134501696087,13,10,0,Connect Award Winner,13
0,20279,Les Dragons,4,Canada,False,53.0,0.5527864045000421,0.5911113787520782,0.0,0.0,0.0,0.0,1.0,0.0,0.0,0.2,0.6,4.2,0.0,1.6,4.0,8.6,60.8,69.4,16.0,47.520773074747304,3,2,0,Connect Award Winner,13
0,27858,Loretto Abbey,1,Canada,False,20.0,0.5816699867329622,0.6053683838174275,0.0,3.0,0.0,0.0,0.8,0.0,0.0,1.0,0.6,4.6,0.0,0.0,2.0,6.4,46.6,53.0,14.0,19.450483977334013,3,2,0,NONE,0
0,16424,Atomic Dishwashers,6,Canada,False,8.2,0.730949949766244,0.6537269383299265,1.6153846153846154,2.5384615384615383,0.3076923076923077,0.0,0.15384615384615385,0.0,0.15384615384615385,2.1538461538461537,0.07692307692307693,0.8461538461538461,0.0,0.46153846153846156,4.230769230769231,6.384615384615385,23.153846153846153,29.53846153846154,20.0,5.4000926449236655,4,6,0,Think Award Finalist,11
0,27115,Delta Robotics,1,Canada,False,2.05,0.6749125675209571,0.6947081936573929,1.0,10.333333333333334,0.0,0.0,0.3333333333333333,0.0,0.6111111111111112,0.6111111111111112,0.2777777777777778,5.722222222222222,0.0,2.7222222222222223,5.277777777777778,10.61111111111111,90.33333333333333,100.94444444444444,22.333333333333332,80.92468696305637,7,11,0,Inspire Award Finalist,2
0,19498,Devolotics,4,Canada,False,2.8499999999999996,0.7170024723710076,0.7918913748998135,1.125,1.25,0.0,0.0,0.8333333333333334,0.0,1.6666666666666667,0.625,0.16666666666666666,5.125,0.0,6.208333333333333,8.125,25.333333333333332,111.25,136.58333333333334,8.0,108.95131190234339,13,4,0,Inspire Award Finalist,2
0,22310,Lo-Ellen EDIT (ORANGE),3,Canada,True,19.800000000000004,0.7240061125439363,0.728159505637955,1.8333333333333333,4.259259259259259,0.0,0.0,0.2777777777777778,0.0,0.5,0.8888888888888888,0.3333333333333333,3.1666666666666665,0.0,2.9444444444444446,3.0555555555555554,11.055555555555555,71.38888888888889,82.44444444444444,4.0,55.76688173944849,9,2,0,Rockwell Collins Innovate Award Winner,16
0,16366,TFS Robotic Unicorns,6,Canada,False,45.0,0.7378690482419804,0.6915877267362432,1.5,2.7864583333333335,0.0,0.041666666666666664,0.20833333333333334,0.0,1.4166666666666667,0.3333333333333333,0.041666666666666664,6.25,0.0,3.0,9.375,18.875,87.95833333333333,106.83333333333333,13.333333333333334,73.50087999413589,9,8,0,Inspire Award Finalist,3
0,24698,Actinium 450 team 1,2,Canada,False,3.0,0.552786404500042,0.6007259674278582,2.4,1.8,0.0,0.0,0.2,0.0,0.0,1.0,0.8,1.8,0.4,0.0,15.0,4.0,27.4,31.4,38.0,6.331952525291847,0,5,0,NONE,0
0,16415,Lo-Ellen EDIT (CRIMSON),6,Canada,True,20.0,0.7002273743122225,0.7578206141254612,1.9411764705882353,8.885813148788927,0.0,0.23529411764705882,0.058823529411764705,0.0,0.47058823529411764,0.5294117647058824,1.7058823529411764,1.411764705882353,0.0,2.411764705882353,8.823529411764707,9.294117647058824,59.35294117647059,68.6470588235294,12.5,46.35124694681945,6,5,0,Design Award Winner,19
0,28084,Malvern Robotics,1,Canada,False,45.15,0.6960278067167107,0.7016529051406919,1.2857142857142858,6.857142857142857,0.0,0.0,0.14285714285714285,0.0,0.14285714285714285,0.42857142857142855,1.7857142857142858,4.285714285714286,0.07142857142857142,0.7142857142857143,0.7142857142857143,5.571428571428571,62.92857142857143,68.5,15.0,48.40220188452905,5,5,0,NONE,0
0,22379,R3P2 Tech Runners,3,Canada,False,31.175000000000004,0.6708597056978083,0.7110280271420882,0.0,11.1,0.0,0.0,0.1,0.0,0.0,1.9,0.9,1.0,0.0,2.1,5.0,1.4,52.0,53.4,25.0,44.45936111318601,3,7,0,NONE,0
0,24389,Calypso,2,Canada,False,9.450000000000001,0.5395654226711465,0.5504669088932383,0.0,1.2,0.0,0.0,0.2,0.0,0.2,3.0,0.2,1.2,0.4,1.0,9.0,4.2,31.2,35.4,33.0,10.3487021790151,1,4,0,NONE,0
0,27930,SJHS Gyro Falcons - Prime Falcon,1,Canada,False,6.6499999999999995,0.6803070130569571,0.7038066652493666,0.15,1.8,0.1,0.15,0.1,0.0,0.15,0.55,2.45,1.6,0.05,1.15,2.0,5.2,40.6,45.8,3.3333333333333335,22.39844930995438,21,5,0,Inspire Award Winner,1
0,26242,YT-OG,1,Canada,False,46.2,0.6760304517063767,0.66823440051978,0.8571428571428571,3.0,0.0,0.0,0.5714285714285714,0.0,0.2857142857142857,0.8571428571428571,1.7142857142857142,3.857142857142857,0.0,1.4285714285714286,7.142857142857143,10.428571428571429,65.71428571428571,76.14285714285714,4.0,38.05303030303024,2,3,0,Winning Alliance Award Winners,5
0,20274,Spartiates,4,Canada,False,3.0,0.5722150072758512,0.6180218621041582,0.0,1.8,0.0,0.0,0.0,0.0,0.6,0.2,0.6,0.8,0.2,1.4,4.0,7.2,26.8,34.0,31.0,12.920370966193717,1,4,0,NONE,0
0,21593,Higgins Hawks,3,Canada,False,7.0,0.7246570861525348,0.6624052343837837,2.25,2.5,0.20833333333333334,0.041666666666666664,0.125,0.041666666666666664,0.20833333333333334,4.041666666666667,0.6666666666666666,1.375,0.041666666666666664,1.0,1.875,6.791666666666667,40.0,46.791666666666664,13.75,25.60119138452557,15,16,0,Judges' Award Winner,56
0,18634,Very CATastrophic,5,Canada,False,6.15,0.6651226237219703,0.694391668155519,0.6818181818181818,1.7727272727272727,0.045454545454545456,0.045454545454545456,0.045454545454545456,0.0,0.5,1.1363636363636365,0.36363636363636365,0.8181818181818182,0.13636363636363635,2.272727272727273,1.8181818181818181,7.0,38.18181818181818,45.18181818181818,18.75,23.951295218124113,7,24,0,NONE,0
0,22648,Robotic Raiders,3,Canada,True,12.675,0.6245936058553725,0.6492380096737528,1.3636363636363635,2.727272727272727,0.0,0.0,0.45454545454545453,0.0,0.2727272727272727,2.8181818181818183,0.2727272727272727,3.272727272727273,0.0,3.909090909090909,2.727272727272727,8.545454545454545,80.18181818181819,88.72727272727273,20.0,44.01587571944028,4,7,0,NONE,0
0,16488,Rams Robotics,6,Canada,False,11.55,0.747917936555208,0.7181542113294594,0.782608695652174,1.826086956521739,0.08695652173913043,0.13043478260869565,0.6086956521739131,0.0,1.4782608695652173,1.4782608695652173,0.782608695652174,2.739130434782609,0.0,3.652173913043478,8.695652173913043,21.52173913043478,77.82608695652173,99.34782608695652,14.333333333333334,73.7544971753584,6,11,0,Inspire Award Winner,1
0,18841,KSS ONE,5,Canada,True,17.0,0.5931548223453424,0.6542252392305286,0.0,2.727272727272727,0.0,0.0,0.6363636363636364,0.0,0.5454545454545454,1.2727272727272727,0.7272727272727273,3.3636363636363638,0.0,2.5454545454545454,2.727272727272727,11.363636363636363,63.0,74.36363636363636,18.5,13.221037725808783,2,9,0,NONE,0
0,19490,SMT Titans - The 'Tita'BOTS,4,Canada,False,8.8875,0.5527864045000421,0.590975755801139,0.0,2.4,0.0,0.0,0.0,0.0,0.0,2.4,0.6,0.8,0.4,0.4,4.0,0.6,24.2,24.8,21.0,11.513854924107694,1,4,0,NONE,0
0,24541,RayBotics,2,Canada,False,10.0,0.6925543394877648,0.7193058246310777,1.4444444444444444,2.3333333333333335,0.07407407407407407,0.0,0.37037037037037035,0.0,0.7777777777777778,1.4814814814814814,0.14814814814814814,3.111111111111111,0.0,4.0,2.037037037037037,13.666666666666666,74.44444444444444,88.11111111111111,6.0,54.989830067570885,22,9,0,Rockwell Collins Innovate Award Finalist,17
0,20035,Cyber Barons,4,Canada,False,7.800000000000001,0.6920046897903945,0.7151868901177207,2.1,2.1,0.1,0.0,0.1,0.0,0.5,1.2,0.7,1.3,0.1,1.9,1.0,9.0,43.6,52.6,20.0,17.57966856842248,4,6,0,NONE,0
0,22838,Alpha Lab,3,Canada,True,13.65,0.5892080818711254,0.5731692297225475,0.0,1.2,0.2,0.0,0.0,0.0,1.2,2.6,0.2,0.2,0.0,3.4,4.0,13.0,45.8,58.8,21.0,9.308447852877972,2,3,0,Motivate Award Winner,22
0,20707,Omegabots,4,Canada,False,65.175,0.5758606598130989,0.6218451166648361,0.42857142857142855,2.142857142857143,0.0,0.14285714285714285,0.42857142857142855,0.0,0.2857142857142857,0.42857142857142855,0.14285714285714285,5.428571428571429,0.0,3.2857142857142856,3.5714285714285716,8.571428571428571,89.71428571428571,98.28571428571429,3.0,52.780726069842714,5,0,0,NONE,0
0,15639,MDR Genesis,7,Canada,False,11.55,0.5818185678114429,0.6643518537722795,0.5454545454545454,2.8016528925619837,0.18181818181818182,0.0,0.45454545454545453,0.0,1.0909090909090908,1.5454545454545454,0.2727272727272727,3.090909090909091,0.09090909090909091,4.7272727272727275,2.727272727272727,16.545454545454547,84.0909090909091,100.63636363636364
0,18846,Brebotics,5,Canada,False,16.8,0.7484177966872283,0.750314696681582,1.1785714285714286,2.104591836734694,0.03571428571428571,0.0,2.3214285714285716,0.03571428571428571,1.0714285714285714,0.14285714285714285,0.07142857142857142,10.5,0.07142857142857142,3.5,3.392857142857143,31.5,129.64285714285714,161.14285714285714,3.6666666666666665,108.23358886228127,14,3,0,Winning Alliance Award Winners,4
0,27315,Team Titans 4: Nuts Galore,1,Canada,False,12.35,0.681568529509721,0.7338095389797805,2.1818181818181817,6.681818181818182,0.0,0.0,0.7272727272727273,0.0,1.2272727272727273,0.5,0.5909090909090909,3.409090909090909,0.0,3.727272727272727,3.8636363636363638,21.09090909090909,81.54545454545455,102.63636363636364,15.0,83.92297571771691,8,11,0,Winning Alliance Award Winners,5
0,25920,Cheetahs,1,Canada,False,23.0,0.6057355653315348,0.6146626822057737,0.0,8.0,0.0,0.0,0.16666666666666666,0.0,0.6666666666666666,1.0,2.3333333333333335,0.3333333333333333,0.0,2.3333333333333335,6.666666666666667,8.5,49.333333333333336,57.833333333333336,13.0,6.5635920726165065,2,4,0,NONE,0
0,19767,Caledonia Kermodes,4,Canada,False,17.0,0.5527864045000419,0.5784718865683771,0.0,2.4,0.8,0.0,0.0,0.0,0.0,6.8,0.8,0.0,0.0,0.0,2.0,1.6,21.0,22.6,1.0,17.97499999999999,5,0,0,NONE,0
0,27445,Green Menace,1,Canada,False,11.0,0.6115520685065119,0.6322766593040758,0.6,2.13,0.2,0.1,0.2,0.0,0.3,0.6,0.9,3.0,0.0,1.2,12.0,6.3,53.1,59.4,19.5,53.349461033025776,3,7,0,Motivate Award Winner,22
0,20025,Esquimalt Atom Smashers,4,Canada,True,30.0,0.6973834619259038,0.7272114266911466,1.411764705882353,2.6470588235294117,0.23529411764705882,0.0,0.7058823529411765,0.0,1.0,0.8235294117647058,0.17647058823529413,6.470588235294118,0.0,5.176470588235294,3.823529411764706,18.235294117647058,112.94117647058823,131.1764705882353,11.0,78.4914127279021,7,6,0,NONE,0
0,25702,Rundle Robotics Athabasca,1,Canada,False,18.05,0.7196234653413762,0.7030199494934048,1.1428571428571428,2.578231292517007,0.047619047619047616,0.047619047619047616,0.23809523809523808,0.047619047619047616,1.0952380952380953,0.9047619047619048,0.6666666666666666,2.7142857142857144,0.047619047619047616,5.095238095238095,0.7142857142857143,15.285714285714286,87.57142857142857,102.85714285714286,12.0,73.15599678959738,14,12,0,Think Award Winner,10
0,18840,Reynolds Reybots,5,Canada,False,18.05,0.6701716132503414,0.6916194607268488,0.7058823529411765,1.588235294117647,0.11764705882352941,0.0,0.47058823529411764,0.0,1.1176470588235294,1.0588235294117647,0.6470588235294118,4.352941176470588,0.0,5.352941176470588,5.0,16.941176470588236,98.17647058823529,115.11764705882354,15.5,62.93822825511782,4,9,0,NONE,0
0,25049,BudJetTech,2,Canada,False,30.450000000000003,0.7074402972833073,0.6978056873566818,0.4090909090909091,1.0909090909090908,0.0,0.0,0.9090909090909091,0.0,0.8181818181818182,0.2727272727272727,0.3181818181818182,8.136363636363637,0.13636363636363635,3.1363636363636362,1.8181818181818181,17.227272727272727,102.5,119.72727272727273,16.0,83.54470997823567,8,9,0,Connect Award Winner,13
0,24287,MCA Infinity 2 Robotics,2,Canada,False,4.0,0.6534067387817096,0.7349823656278565,0.0,6.793388429752065,0.0,0.0,0.18181818181818182,0.0,0.5454545454545454,0.8181818181818182,0.18181818181818182,2.090909090909091,0.18181818181818182,3.727272727272727,3.1818181818181817,8.272727272727273,69.45454545454545,77.72727272727273,13.0,27.360775248353328,4,7,0,Design Award Finalist,20
0,20038,Bronco Bots-Team 1,4,Canada,False,11.275,0.7438570659466843,0.7214794516679097,0.35294117647058826,2.1176470588235294,0.29411764705882354,0.0,0.29411764705882354,0.0,0.17647058823529413,1.7647058823529411,0.29411764705882354,1.5294117647058822,0.17647058823529413,2.235294117647059,1.1764705882352942,5.9411764705882355,44.23529411764706,50.1764705882353,8.666666666666666,25.147272990455402,16,10,0,NONE,0
0,20280,Scarabot,4,Canada,False,10.0,0.5913436651659489,0.5676615882192311,0.6,0.0,0.0,0.0,0.0,0.0,0.2,3.4,0.4,0.0,0.2,1.4,4.0,3.2,25.4,28.6,35.0,8.165712381596023,1,4,0,NONE,0
0,24760,Scuola,2,Canada,True,22.55,0.6899159317328176,0.7057927567729121,0.5454545454545454,7.475206611570247,0.09090909090909091,0.13636363636363635,0.5454545454545454,0.0,0.6818181818181818,0.5,0.4090909090909091,5.318181818181818,0.0,2.3636363636363638,2.272727272727273,13.272727272727273,80.13636363636364,93.4090909090909,11.0,73.950684548349,9,10,0,Inspire Award Winner,1
0,12513,Les Scorpions,9,Canada,False,6.824999999999999,0.6755848796031183,0.6920672626375595,0.8181818181818182,7.090909090909091,0.22727272727272727,0.0,0.13636363636363635,0.0,0.2727272727272727,2.8636363636363638,0.4090909090909091,0.5909090909090909,0.0,2.5454545454545454,1.3636363636363635,5.7727272727272725,48.04545454545455,53.81818181818182,16.0,45.28953910807736,9,22,0,Design Award Winner,19
0,28333,Alpha Lab,1,Canada,True,13.65,0.5731893247144316,0.5605498376951353,0.0,4.8,0.6,0.0,0.6,0.0,0.0,0.8,1.0,2.6,0.0,0.4,0.0,6.6,40.0,46.6,26.0,3.447225367835578,2,3,0,NONE,0
0,26937,Salisbury Robotics Gold,1,Canada,False,0.0,0.75,0.7808417363325697,0.24,2.04,0.04,0.04,0.12,0.04,0.64,2.04,0.36,2.0,0.12,3.48,4.0,9.4,61.84,71.24,9.75,47.17328483398176,20,11,0,Design Award Winner,19
0,11639,TechTitans,9,Canada,False,13.325,0.6983050549170269,0.711616180568742,0.0,2.4705882352941178,0.058823529411764705,0.0,0.058823529411764705,0.058823529411764705,0.058823529411764705,2.2941176470588234,0.7647058823529411,1.0588235294117647,0.11764705882352941,1.2941176470588236,3.235294117647059,2.411764705882353,35.23529411764706,37.64705882352941,16.666666666666668,33.852843569229385,10,16,0,NONE,0
0,25646,MCHS Robotics,1,Canada,False,1.9,0.7004580517058108,0.7190468827038279,0.13636363636363635,1.3636363636363635,0.36363636363636365,0.0,0.045454545454545456,0.0,0.13636363636363635,2.1818181818181817,0.5454545454545454,0.36363636363636365,0.09090909090909091,0.9090909090909091,1.5909090909090908,3.272727272727273,25.636363636363637,28.90909090909091,19.0,20.60860003728883,5,26,0,NONE,0
0,24221,James Fowler Falcons,2,Canada,False,6.6499999999999995,0.7774456588097893,0.7012554449387505,1.25,2.25,0.5416666666666666,0.0,0.041666666666666664,0.0,0.20833333333333334,1.6666666666666667,0.5833333333333334,1.0,0.16666666666666666,1.5833333333333333,4.166666666666667,5.5,36.25,41.75,18.5,14.123955372535343,11,20,0,NONE,0
0,23468,Uncivilized Mecha Monkeys,2,Canada,False,11.399999999999999,0.7206292256576392,0.7378316956180656,0.6206896551724138,9.724137931034482,0.1724137931034483,0.034482758620689655,0.41379310344827586,0.0,0.6551724137931034,1.206896551724138,0.3103448275862069,2.6206896551724137,0.034482758620689655,3.3448275862068964,2.586206896551724,11.793103448275861,73.27586206896552,85.06896551724138,4.75,69.65110719392787,21,7,3,NONE,0
0,25731,QEHS24,1,Canada,False,22.05,0.6803662427550661,0.7255101858383836,0.10344827586206896,8.48989298454221,0.20689655172413793,0.0,0.41379310344827586,0.0,0.5172413793103449,1.0,0.5517241379310345,2.6206896551724137,0.06896551724137931,3.8620689655172415,2.0689655172413794,9.724137931034482,77.34482758620689,87.06896551724138,8.5,40.117903736813616,22,9,0,Think Award Finalist,11
0,26101,Thirsk Mariners,1,Canada,False,9.478125,0.7500868744830109,0.6990564144993315,1.434782608695652,2.217391304347826,0.0,0.0,0.043478260869565216,0.0,0.2608695652173913,1.434782608695652,1.0,1.0434782608695652,0.13043478260869565,1.8695652173913044,1.5217391304347827,5.695652173913044,41.869565217391305,47.56521739130435,13.25,29.56340372521573,15,16,0,NONE,0
0,19461,MDR Epsilon,4,Canada,False,54.15,0.6991701684672751,0.6970524545260002,1.7142857142857142,5.571428571428571,0.14285714285714285,0.0,0.7142857142857143,0.0,1.0714285714285714,1.3571428571428572,0.5714285714285714,3.9285714285714284,0.0,7.071428571428571,1.7857142857142858,18.428571428571427,118.28571428571429,136.71428571428572,7.5,82.41256983647068,7,4,0,NONE,0
0,16417,ROC,6,Canada,False,85.0,0.7240032025315429,0.7179991430560249,1.1666666666666667,6.777777777777778,0.05555555555555555,0.027777777777777776,1.9722222222222223,0.0,2.5,0.3611111111111111,0.2222222222222222,8.61111111111111,0.027777777777777776,6.638888888888889,6.527777777777778,43.416666666666664,150.13888888888889,193.55555555555554,2.75,151.0940130171045,20,3,0,Winning Alliance Award Winners,4
0,19487,Team MineKee,4,Canada,True,3.1500000000000004,0.657610013613456,0.7333794734265355,0.9,3.3,0.0,0.0,0.4,0.0,0.1,1.4,0.9,2.6,0.0,0.2,7.0,5.7,34.6,40.3,23.0,13.93425907717012,2,8,0,NONE,0
0,24988,THEORY3,2,Canada,False,0.00025,0.5126602827595518,0.5818941521576144,0.0,0.6,0.0,0.2,0.0,0.0,0.0,0.4,0.2,0.0,0.0,0.4,10.0,1.4,12.8,14.2,30.0,-13.101800650014788,1,4,0,NONE,0
0,22775,Lively RoboHawks Black,3,Canada,False,8.4,0.6897947893292689,0.6453895549727724,0.8181818181818182,2.727272727272727,0.0,0.0,0.0,0.0,0.2727272727272727,1.3636363636363635,0.18181818181818182,0.0,0.0,1.5454545454545454,2.727272727272727,4.909090909090909,26.272727272727273,31.181818181818183,22.0,7.474537893634107,2,9,0,Judges' Award Winner,56
0,22603,Stormbots,3,Canada,False,11.0,0.7368475948966298,0.7336259152264114,1.5,2.3181818181818183,0.045454545454545456,0.045454545454545456,0.45454545454545453,0.0,0.7727272727272727,0.5454545454545454,0.18181818181818182,4.0,0.0,4.5,2.272727272727273,13.681818181818182,86.31818181818181,100.0,12.666666666666666,78.32478066013297,10,7,0,NONE,0
0,22319,Scarabetter,3,Canada,False,15.0,,0.567833960355159,0.0,2.4,0.0,0.0,0.0,0.0,0.0,1.4,1.6,0.0,0.0,1.4,7.0,0.0,25.6,25.6,29.0,-4.895554104074685,2,3,0,NONE,0
0,27449,Spin Cycle,1,Canada,False,11.0,0.6598388233181551,0.7387905197839923,0.46153846153846156,3.408284023668639,0.07692307692307693,0.6153846153846154,0.23076923076923078,0.0,0.7692307692307693,0.8461538461538461,2.0,1.4615384615384615,0.0,2.4615384615384617,8.076923076923077,13.538461538461538,58.0,71.53846153846153,16.0,27.159089969566253,5,5,0,NONE,0
0,20268,Actinium 450 team 2,4,Canada,False,6.6499999999999995,0.6971735331124127,0.7001180869953249,1.2857142857142858,2.142857142857143,0.14285714285714285,0.0,0.5714285714285714,0.0,0.5714285714285714,0.7142857142857143,2.5714285714285716,2.2857142857142856,0.0,1.8571428571428572,1.4285714285714286,12.285714285714286,54.142857142857146,66.42857142857143,8.0,25.976714074539405,4,1,0,NONE,0
0,22034,Packbot,3,Canada,False,40.0,0.8011859537154128,0.7808812090911541,0.0,13.939508506616258,0.08695652173913043,0.08695652173913043,1.565217391304348,0.043478260869565216,0.43478260869565216,0.4782608695652174,0.17391304347826086,5.913043478260869,0.08695652173913043,1.608695652173913,6.739130434782608,19.08695652173913,86.82608695652173,105.91304347826087,7.333333333333333,75.9329250998591,12,5,0,Inspire Award Finalist,3
0,23430,PMR PHOENIX,2,Canada,False,32.175,0.6429025997756899,0.6458081112688887,0.6428571428571429,2.142857142857143,0.07142857142857142,0.0,1.5,0.0,1.3571428571428572,0.2857142857142857,0.07142857142857142,6.785714285714286,0.0,4.214285714285714,5.714285714285714,26.785714285714285,104.57142857142857,131.35714285714286,5.5,73.75932897138775,7,3,0,NONE,0
0,26138,Sting Robotics FTC,1,Canada,True,6.15,0.7232383789620689,0.7405573771774633,1.0,2.0,0.0,0.0,0.3333333333333333,0.0,0.16666666666666666,1.0833333333333333,0.4166666666666667,1.75,0.16666666666666666,1.5,1.6666666666666667,6.333333333333333,39.833333333333336,46.166666666666664
0,16504,MDR Quantify,6,Canada,False,2.05,,0.49383960337908894,0.0,2.0,0.0,0.0,0.0,0.0,0.0,3.0,0.0,0.0,0.6666666666666666,0.0,0.0,0.0,14.0,14.0,17.0,12.143917332272702,1,2,0,NONE,0
0,28498,Daedabyte,1,Canada,False,21.0,0.6891312793498179,0.6918487098754622,2.4,2.2800000000000002,0.8,0.0,0.1,0.0,0.3,2.4,0.2,2.8,0.0,1.8,4.5,9.3,52.9,62.2,13.5,33.297258358916785,5,5,0,Think Award Finalist,11
0,23594,LTC7,2,Canada,True,35.0,0.6962045644406969,0.6878640314526991,0.23076923076923078,2.5384615384615383,0.07692307692307693,0.0,0.15384615384615385,0.0,0.8461538461538461,0.9230769230769231,0.07692307692307693,2.5384615384615383,0.07692307692307693,4.0,3.076923076923077,11.0,72.84615384615384,83.84615384615384,7.5,31.275041885845532,7,4,0,NONE,0
0,23999,TSS,2,Canada,False,12.0,0.6567047238010535,0.6296639247702531,0.0,0.9,0.1,0.1,0.3,0.0,0.1,0.8,0.7,2.6,0.1,1.3,6.0,4.9,47.5,52.4,11.0,19.744324600361388,7,3,0,NONE,0
0,24867,Husky,2,Canada,False,32.3,0.6108136058612583,0.592216121521207,2.4,1.8,0.8,0.0,1.0,0.0,0.8,1.4,1.0,3.6,0.0,2.8,8.0,20.6,72.6,93.2,11.0,44.30127116688317,3,2,0,NONE,0
0,27316,Team Titans 5: Fiasco Drive,1,Canada,False,49.800000000000004,0.7366988693907355,0.6748658478938699,0.9473684210526315,10.736842105263158,0.0,0.0,0.42105263157894735,0.05263157894736842,1.0,0.5789473684210527,0.15789473684210525,3.473684210526316,0.0,3.8421052631578947,5.2631578947368425,15.578947368421053,82.84210526315789,98.42105263157895,6.0,55.41642968816884,7,5,0,Finalist Alliance Award Winners,8
0,27990,Newman Robotics,1,Canada,False,13.65,0.566410332226424,0.5926978250384672,0.0,1.8,0.0,0.0,0.0,0.0,0.2,3.0,0.0,1.6,0.0,2.6,2.0,2.6,49.0,51.6,28.0,19.917888385746085,2,3,0,NONE,0
0,23277,Rocket Boas,2,Canada,False,0.0,0.7214270321734723,0.7198795276616959,0.2727272727272727,1.9090909090909092,0.09090909090909091,0.0,0.3181818181818182,0.0,0.36363636363636365,2.3181818181818183,0.13636363636363635,1.0,0.0,2.5454545454545454,3.409090909090909,7.318181818181818,43.40909090909091,50.72727272727273,16.75,34.508276260650234,15,16,0,Think Award Winner,10
0,24846,Facey Artemis Robotics,2,Canada,False,5.925,0.73347060330997,0.7496388917609098,0.7058823529411765,1.411764705882353,0.11764705882352941,0.0,0.11764705882352941,0.0,0.4117647058823529,2.176470588235294,0.29411764705882354,1.1176470588235294,0.17647058823529413,1.8823529411764706,0.5882352941176471,6.882352941176471,39.11764705882353,46.0
0,22354,Technomaniacs,3,Canada,False,6.0,0.5785256786392207,0.5254241659942827,0.0,0.6,0.0,0.0,0.6,0.0,0.2,1.6,0.4,1.8,0.0,1.2,1.0,8.0,32.4,40.4,25.0,-4.38734038468224,2,3,0,NONE,0
0,21755,Les Algorithmes,3,Canada,False,31.0,0.5613853485119313,0.5828336329738724,3.0,1.8,0.0,0.0,0.8,0.0,0.0,1.4,0.6,2.6,0.0,1.6,9.0,10.0,48.0,58.0,23.0,17.59432540365867,2,3,0,NONE,0
0,28797,SMS Robocats 3,1,Canada,False,2.1,0.5527864045000419,0.6072886273327163,0.0,0.0,0.2,0.0,0.0,0.0,0.0,4.0,0.0,0.0,0.0,0.0,6.0,0.4,9.2,9.6,4.0,1.7249999999999925,1,4,0,NONE,0
0,28069,SMT TitaTRONS,1,Canada,False,4.0,0.5285954792089682,0.5992282264627806,0.0,0.6,0.2,0.0,0.0,0.0,0.0,1.2,1.0,1.0,0.0,0.2,6.0,1.0,17.6,18.6,20.0,3.005980348042753,1,4,0,NONE,0
0,28444,Or & Cuivre,1,Canada,False,35.15,0.6795650277691722,0.6709440618400813,0.0,1.875,0.0,0.0,0.0,0.0,1.125,1.125,0.0,1.75,0.0,5.5,0.0,11.25,79.125,90.375,17.0,55.72894487766658,3,2,0,Inspire Award Finalist,3
0,20718,Scarlett Lancelots,4,Canada,False,9.675,0.7202651302448879,0.7202869591796983,0.6,8.0,0.06666666666666667,0.03333333333333333,0.43333333333333335,0.0,0.5,1.3,0.3333333333333333,4.466666666666667,0.0,1.4666666666666666,0.5,10.333333333333334,67.13333333333334,77.46666666666667
0,27446,Griffin Gears,1,Canada,False,27.549999999999997,0.6921014763802,0.7103854631884993,0.5294117647058824,10.380622837370241,0.0,0.0,0.7647058823529411,0.0,0.17647058823529413,0.23529411764705882,0.35294117647058826,3.5294117647058822,0.0,2.3529411764705883,6.470588235294118,9.117647058823529,71.29411764705883,80.41176470588235,7.0,47.088407614831354,7,3,0,Motivate Award Finalist,23
0,27076,Intellibots Academy,1,Canada,True,18.0,0.6793661091807444,0.7168261998766658,1.2222222222222223,10.526748971193415,0.3333333333333333,0.0,0.8148148148148148,0.0,1.3333333333333333,0.5925925925925926,0.3333333333333333,4.7407407407407405,0.0,3.8518518518518516,5.555555555555555,22.51851851851852,97.29629629629629,119.81481481481481,12.75,90.19143469553646,12,11,0,Finalist Alliance Award Winners,8
0,19532,MechCat,4,Canada,False,27.3,0.7480457576662032,0.7308552262189547,0.6774193548387096,1.3298647242455774,0.0,0.0,1.3225806451612903,0.03225806451612903,0.7096774193548387,1.7741935483870968,0.16129032258064516,7.32258064516129,0.06451612903225806,3.3548387096774195,2.5806451612903225,20.387096774193548,102.70967741935483,123.09677419354838,6.666666666666667,79.12037932395985,12,4,1,Winning Alliance Award Winners,4
0,23792,URL Spectre,2,Canada,True,-0.00025,0.7477495675498329,0.7525182346589256,1.2857142857142858,2.142857142857143,0.6428571428571429,0.14285714285714285,0.03571428571428571,0.03571428571428571,0.7142857142857143,1.25,1.1785714285714286,0.35714285714285715,0.10714285714285714,2.7142857142857144,1.7857142857142858,11.75,43.857142857142854,55.607142857142854,10.25,32.52047414048914,10,21,0,Finalist Alliance Award Winners,8
0,20176,Car!,4,Canada,True,14.0,0.7962736957305658,0.7502097011821212,1.5,2.5384615384615383,0.15384615384615385,0.07692307692307693,0.3076923076923077,0.0,0.8846153846153846,1.3846153846153846,0.9615384615384616,1.6153846153846154,0.07692307692307693,2.8076923076923075,3.4615384615384617,14.115384615384615,53.15384615384615,67.26923076923077,14.0,95.65705472394663,12,19,0,Think Award Winner,10
0,23684,Tech Titans,2,Canada,False,15.2,0.7415049405845615,0.705080268204825,2.0,10.142857142857142,0.0,0.047619047619047616,0.09523809523809523,0.0,0.2857142857142857,1.0952380952380953,0.19047619047619047,2.857142857142857,0.0,2.5714285714285716,1.1904761904761905,6.380952380952381,66.95238095238095,73.33333333333333,7.333333333333333,46.30727301482843,18,8,0,Rockwell Collins Innovate Award Winner,16
0,24603,Pumabots,2,Canada,False,21.0,0.7607624719400171,0.7260912486091324,2.1818181818181817,2.727272727272727,0.13636363636363635,0.0,0.36363636363636365,0.0,0.13636363636363635,3.9545454545454546,0.5,2.090909090909091,0.045454545454545456,2.090909090909091,1.8181818181818181,7.681818181818182,54.22727272727273,61.90909090909091,9.75,49.52757587948244,18,13,0,NONE,0
0,22075,R.G.B.,3,Canada,False,18.525,0.6849912184215657,0.689456496256089,0.6,4.2,0.0,0.0,0.3,0.0,0.0,0.4,0.7,3.0,0.0,1.1,10.5,3.6,50.0,53.6,20.5,31.45794144603622,3,7,0,Think Award Finalist,11
0,22497,R3P2 Hotdog Wheels,3,Canada,False,6.300000000000001,0.6923820047229962,0.743104484340692,0.0,2.2520775623268694,0.0,0.0,1.5263157894736843,0.0,0.5789473684210527,0.5263157894736842,0.21052631578947367,5.894736842105263,0.0,1.894736842105263,2.1052631578947367,19.42105263157895,78.73684210526316,98.15789473684211,16.0,65.36868158075643,7,10,0,Think Award Winner,10
0,20266,POWER,4,Canada,False,11.0,0.681732807823865,0.6439995644979633,0.0,1.7142857142857142,0.0,0.0,2.2142857142857144,0.0,0.7857142857142857,1.5714285714285714,0.21428571428571427,8.857142857142858,0.0,3.7857142857142856,3.9285714285714284,26.642857142857142,118.5,145.14285714285714,6.0,128.3693587410636,8,3,0,NONE,0
0,21603,ThunderBots,3,Canada,True,7.0,0.5617194463018009,0.5424426013110084,1.2,1.2,0.0,0.0,1.0,0.0,0.2,1.0,1.0,3.2,0.2,1.2,0.0,11.8,47.2,59.0,12.0,1.3051565823492002,2,3,0,NONE,0
0,28161,The 11th Hour,1,Canada,False,16.15,0.619539752405064,0.6730814728718642,2.0,10.5,0.0,0.0,0.0,0.0,1.0,0.16666666666666666,3.6666666666666665,0.3333333333333333,0.0,1.6666666666666667,5.0,13.0,48.833333333333336,61.833333333333336,6.0,4.901515151515145,1,4,0,NONE,0
0,20270,Technomatrix,4,Canada,False,14.700000000000001,0.5527864045000421,0.6072532622668904,0.0,0.0,0.0,0.0,0.0,0.0,0.0,0.8,1.8,0.6,0.0,0.8,1.0,0.6,24.6,25.2,28.0,13.202933094815085,2,3,0,NONE,0
0,24457,Stormbots,2,Canada,False,39.0,0.7747076860084953,0.7350525637742912,1.1111111111111112,6.012345679012346,0.0,0.0,0.48148148148148145,0.037037037037037035,1.1111111111111112,0.9629629629629629,0.48148148148148145,4.777777777777778,0.037037037037037035,3.4444444444444446,6.296296296296297,17.185185185185187,87.18518518518519,104.37037037037037,12.666666666666666,53.0642928748759,10,7,0,Finalist Alliance Award Winners,7
0,22732,EdBears,3,Canada,True,8.774999999999999,0.6797436923898258,0.672597798208906,1.3846153846153846,0.9230769230769231,0.3076923076923077,0.0,0.0,0.0,0.23076923076923078,1.6923076923076923,0.46153846153846156,0.8461538461538461,0.0,0.6923076923076923,3.4615384615384617,6.384615384615385,28.615384615384617,35.0,15.0,17.685286460065942,6,4,0,NONE,0
0,18013,Cuivre & Or,6,Canada,True,64.0,0.59416883137663,0.6604940291377599,0.75,9.375,0.25,0.0,0.25,0.0,1.125,0.625,0.125,2.375,0.0,5.125,1.875,15.25,82.875,98.125,7.0,61.499547708734866,4,1,0,Design Award Winner,19
0,16353,Reynolds Raiders,6,Canada,False,69.3,0.7419136397372628,0.7525619799920664,1.8333333333333333,2.8333333333333335,0.6111111111111112,0.0,1.2222222222222223,0.0,2.111111111111111,1.0555555555555556,0.2222222222222222,7.0,0.0,6.444444444444445,1.6666666666666667,34.44444444444444,129.44444444444446,163.88888888888889,5.0,132.8537783198536,8,5,0,NONE,0
0,22611,Actinium 450 team 3,3,Canada,False,10.0,0.629864889533565,0.6243008629804085,1.8,1.2,0.2,0.0,0.0,0.0,0.2,0.6,2.2,0.6,0.0,1.0,13.0,4.2,26.6,30.8,32.0,7.134855698720531,1,4,0,NONE,0
0,22557,RAMBOTS Yellow,3,Canada,False,26.599999999999998,0.5334013655031922,0.5632819667079598,1.2,1.2,0.0,0.0,0.8,0.0,1.0,0.6,0.4,3.4,0.0,3.0,4.0,18.2,65.4,83.6,9.0,19.988429355546764,2,3,0,NONE,0
0,24675,LCS Robotics,2,Canada,False,2.98125,0.4522774424948339,0.5953598507115597,0.6,1.8,0.0,0.0,0.0,0.0,0.0,2.6,0.0,0.6,0.0,0.4,6.0,1.8,18.2,20.0,35.0,2.0269686517332857,0,5,0,Connect Award Finalist,14
0,22212,Aberhart Gusto Robotics,3,Canada,False,8.774999999999999,0.6978265685623448,0.6992149287958884,1.6666666666666667,2.3333333333333335,0.0,0.48148148148148145,0.07407407407407407,0.0,0.48148148148148145,0.5555555555555556,3.925925925925926,1.1481481481481481,0.1111111111111111,1.7037037037037037,5.0,10.222222222222221,49.48148148148148,59.7037037037037,6.0,30.553097395836932,22,9,0,NONE,0
0,12094,TWOSE - Science Syndicate,9,Canada,False,10.0,0.7043400760529064,0.7198419277788088,0.2727272727272727,2.4545454545454546,0.045454545454545456,0.045454545454545456,0.13636363636363635,0.0,0.36363636363636365,1.2727272727272727,1.0909090909090908,1.3181818181818181,0.09090909090909091,1.5454545454545454,0.45454545454545453,6.363636363636363,39.86363636363637,46.22727272727273,10.0,24.461332997558806,20,11,0,Think Award Winner,10
0,10544,Cyber Eagles - Silver,10,Canada,True,12.675,0.6909349503506034,0.7457536554762219,2.7142857142857144,2.7142857142857144,0.5714285714285714,0.0,0.5238095238095238,0.0,1.2857142857142858,1.6666666666666667,0.38095238095238093,5.571428571428571,0.0,4.238095238095238,0.7142857142857143,21.333333333333332,96.66666666666667,118.0,2.6666666666666665,122.50718101713089,24,2,0,Inspire Award Finalist,2
0,23809,Esquimalt Proton Pulverizers,2,Canada,False,21.525,0.6408439676748341,0.609617193007423,1.2,3.0,0.4,0.0,0.6,0.0,0.6,4.0,0.0,2.6,0.0,1.2,12.0,14.6,45.0,59.6,11.0,4.611730969873295,2,3,0,NONE,0
0,24222,Pearson Legacy,2,Canada,False,6.15,0.7840696737438174,0.7533501854513134,0.5,1.5885416666666667,0.3333333333333333,0.041666666666666664,0.08333333333333333,0.0,0.08333333333333333,2.9583333333333335,0.7083333333333334,0.8333333333333334,0.0,0.625,1.875,3.7083333333333335,26.791666666666668,30.5,8.25,14.56613139473293,21,10,0,Connect Award Finalist,14
0,21393,BearBella,3,Canada,True,35.0,0.6745581788995512,0.7497881058609099,2.6129032258064515,2.032258064516129,0.0,0.0,1.096774193548387,0.03225806451612903,1.032258064516129,1.7096774193548387,0.16129032258064516,5.741935483870968,0.0967741935483871,5.032258064516129,2.2580645161290325,22.580645161290324,105.25806451612904,127.83870967741936,6.0,70.61927311967001,13,4,0,Inspire Award Finalist,3
0,28411,Disqualified,1,Canada,False,57.275,0.6297004242594237,0.669562753993084,1.875,10.5,0.0,0.0,0.25,0.0,0.875,0.375,1.125,1.375,0.0,4.5,0.625,14.125,78.5,92.625,5.0,50.40738648992108,4,2,0,Judges' Award Winner,56
0,22151,Northview Robotics,3,Canada,False,3.1500000000000004,0.6280725258570514,0.7090175574145339,0.0,5.4,0.0,0.0,0.0,0.0,0.2,1.1,0.3,0.8,0.0,0.6,9.0,2.6,25.7,28.3,27.5,13.735460705093654,0,10,0,NONE,0
0,28780,SMS Robocats 1,1,Canada,False,6.15,0.5527864045000419,0.5702397441002479,0.0,0.6,0.2,0.0,0.0,0.0,0.0,5.2,0.0,0.0,0.0,0.0,2.0,0.4,12.2,12.6,3.0,3.2250000000000023,2,3,0,NONE,0
0,27631,BeWitched,1,Canada,False,3.8,0.729943925777625,0.7074105769869523,0.5294117647058824,2.3771626297577857,0.0,0.0,0.29411764705882354,0.0,0.7647058823529411,0.9411764705882353,0.6470588235294118,2.235294117647059,0.0,3.5294117647058822,11.176470588235293,11.058823529411764,65.58823529411765,76.6470588235294,23.0,47.27884103927727,3,14,0,Think Award Winner,10
0,23605,Arc Angels 2,2,Canada,False,51.0,0.6399588500884522,0.588983076695614,3.0,10.2,0.2,0.0,0.2,0.0,0.8,1.2,1.4,0.2,0.0,3.2,1.0,13.0,54.2,67.2,11.0,38.745596668649235,3,2,0,NONE,0
0,28183,Al-Kahf Robotics,1,Canada,False,5.699999999999999,0.7144612112308121,0.7236151178202375,0.6818181818181818,4.909090909090909,0.09090909090909091,0.0,0.22727272727272727,0.18181818181818182,0.22727272727272727,1.2727272727272727,0.5909090909090909,0.8636363636363636,0.13636363636363635,1.5454545454545454,2.272727272727273,6.181818181818182,35.72727272727273,41.90909090909091,6.75,33.29634182217779,21,10,0,Connect Award Finalist,14
0,27622,URL Mech Mavericks,1,Canada,True,24.7,0.7084329567221177,0.7283444624964917,1.064516129032258,9.870967741935484,1.1612903225806452,0.03225806451612903,0.0,0.03225806451612903,1.032258064516129,1.0,2.7096774193548385,0.0967741935483871,0.0967741935483871,2.6451612903225805,1.7741935483870968,15.580645161290322,54.29032258064516,69.87096774193549,4.75,43.72122612073575,24,7,0,Finalist Alliance Award Winners,7
0,23880,Nelson High School,2,Canada,False,11.399999999999999,0.5889055725774338,0.5172440330831072,1.8,3.0,0.2,0.0,0.6,0.0,0.0,2.0,0.0,5.0,0.0,0.0,6.0,8.2,51.8,60.0,20.0,11.986881356956438,3,2,0,NONE,0
0,27560,PMR IGNITE,1,Canada,False,8.0,,0.49667770431528335,0.0,1.0,0.0,0.0,0.0,0.0,0.0,3.3333333333333335,0.0,0.0,0.0,0.0,0.0,0.0,10.666666666666666,10.666666666666666,21.0,1.3967520603821908,0,3,0,NONE,0
0,22664,R3P2 Pivotal Ponies,3,Canada,False,14.0,0.6888402280554393,0.7479094253797108,0.0,2.217391304347826,0.0,0.0,0.4782608695652174,0.0,0.6086956521739131,0.7391304347826086,0.0,5.608695652173913,0.043478260869565216,2.739130434782609,6.304347826086956,11.217391304347826,79.47826086956522,90.69565217391305,16.666666666666668,54.7693376241427,8,9,0,Inspire Award Winner,1
0,27015,Cyber Eagles - Titanium,1,Canada,False,22.424999999999997,0.6979081145162415,0.7111839331379615,0.7142857142857143,2.7142857142857144,0.7619047619047619,0.09523809523809523,0.7619047619047619,0.0,0.8095238095238095,2.4285714285714284,0.47619047619047616,4.238095238095238,0.047619047619047616,3.142857142857143,2.142857142857143,18.523809523809526,77.38095238095238,95.9047619047619,5.333333333333333,67.1118302548239,19,7,0,Finalist Alliance Award Winners,8
0,18589,St. Pat's Celtic Silverfish,5,Canada,True,18.05,0.6415917978143646,0.652780276656844,0.5454545454545454,7.909090909090909,0.0,0.0,1.2727272727272727,0.0,0.6363636363636364,1.8181818181818181,0.5454545454545454,5.090909090909091,0.0,2.4545454545454546,3.6363636363636362,18.181818181818183,83.0909090909091,101.27272727272727,13.5,65.73643956901552,5,6,0,NONE,0
0,24388,EOM78,2,Canada,False,-0.000125,0.6596674698759961,0.6430247625932135,0.0,0.75,0.0,0.0,0.4166666666666667,0.0,0.25,1.0,0.4166666666666667,1.25,0.0,0.75,3.75,6.333333333333333,23.166666666666668,29.5,12.5,4.024434994612593,3,9,0,NONE,0
0,14021,Phoenix Genesis -  Springbank Robotics Team 1,8,Canada,False,29.0,0.6859910527978861,0.7044754778721417,1.0,2.3497942386831276,0.07407407407407407,0.0,0.7777777777777778,0.0,0.8518518518518519,0.6666666666666666,0.5925925925925926,3.7777777777777777,0.0,4.7407407407407405,1.6666666666666667,16.444444444444443,91.33333333333333,107.77777777777777,13.75,71.47040439876157,14,17,0,Finalist Alliance Award Winners,8
0,19836,Hawk,4,Canada,False,24.6,0.7763291027164104,0.7634034320921622,1.9714285714285715,5.9314285714285715,0.0,0.08571428571428572,1.542857142857143,0.0,3.4857142857142858,0.4857142857142857,0.6571428571428571,6.114285714285714,0.0,9.428571428571429,6.0,49.68571428571428,161.97142857142856,211.65714285714284,1.5,168.49888756982926,21,2,0,Winning Alliance Award Winners,4
0,21756,Cappuccin-O,3,Canada,False,17.0,0.5395654226711465,0.6327445804213687,0.0,6.6,0.0,0.0,0.2,0.0,0.2,0.6,0.4,3.0,0.0,1.0,8.0,4.2,48.2,52.4,27.0,24.480690229172517,2,3,0,NONE,0
0,28051,Robot Warriors - Red Deer Community FTC,1,Canada,False,18.900000000000002,0.6337524180555612,0.6805133214263488,0.0,2.1818181818181817,0.36363636363636365,0.0,0.18181818181818182,0.0,0.36363636363636365,2.0,0.45454545454545453,0.8181818181818182,0.0,1.7272727272727273,0.0,6.909090909090909,35.36363636363637,42.27272727272727
0,14515,THEORY4,7,Canada,True,11.0,0.695931008443489,0.7072654320857052,0.9230769230769231,9.461538461538462,0.07692307692307693,0.07692307692307693,0.15384615384615385,0.0,0.6153846153846154,0.46153846153846156,2.230769230769231,0.6923076923076923,0.0,2.3076923076923075,9.615384615384615,9.923076923076923,50.92307692307692,60.84615384615385,14.5,38.33683034890122,6,4,0,NONE,0
0,16418,Crestwood Tech Lions,6,Canada,False,8.8875,0.5669018996843308,0.5505953971737494,0.0,1.8,0.0,0.0,0.0,0.0,0.2,0.8,0.4,3.0,0.0,1.0,3.0,3.2,45.6,48.8,15.0,13.676535449417495,3,2,0,NONE,0
0,22710,Bayview Robotics,3,Canada,False,26.0,0.6337881608807395,0.5673907879680399,0.0,2.0,0.16666666666666666,0.0,0.16666666666666666,0.0,0.8333333333333334,2.8333333333333335,0.5,0.5,0.0,4.0,8.333333333333334,10.5,57.666666666666664,68.16666666666667,12.0,12.08304058056777,2,4,0,NONE,0
0,24828,The Disciples,2,Canada,False,32.175,0.735292322893539,0.7314185709635923,0.5,5.7407407407407405,0.16666666666666666,0.0,0.7222222222222222,0.0,1.6666666666666667,1.0,1.2222222222222223,4.333333333333333,0.0,5.777777777777778,3.0555555555555554,23.944444444444443,114.16666666666667,138.11111111111111,7.0,99.21969696969695,8,5,0,Inspire Award Winner,1
0,28068,Morning Star Tech Masters,1,Canada,False,6.0,0.6936688419225185,0.7389108921752674,0.25,1.8333333333333333,0.08333333333333333,0.0,0.25,0.0,0.08333333333333333,0.75,1.25,1.5833333333333333,0.0,0.5,19.166666666666668,4.25,34.166666666666664,38.416666666666664,21.5,14.169266360478634,1,9,0,Judges' Award Winner,56
0,28011,R0ARbotics,1,Canada,False,8.4,0.6467038915438792,0.6436682633325688,0.0,1.5,0.0,0.0,0.3333333333333333,0.0,0.4166666666666667,1.75,0.08333333333333333,1.5833333333333333,0.0,1.3333333333333333,2.9166666666666665,7.583333333333333,36.833333333333336,44.416666666666664,8.5,11.966261630259691,6,6,0,NONE,0
0,27640,Fossilized Functions,1,Canada,False,6.0,0.557077257802723,0.6284950126824626,0.6,0.6,0.0,0.0,0.8,0.0,0.0,1.6,0.0,2.6,0.0,2.0,0.0,7.0,45.2,52.2,18.0,21.787852325097365,3,2,0,NONE,0
0,20761,EVOLUTION - 1,4,Canada,False,11.399999999999999,0.6537269491828736,0.6705976413144922,0.0,2.5714285714285716,0.0,0.0,0.5714285714285714,0.0,0.42857142857142855,0.5714285714285714,2.7142857142857144,2.5714285714285716,0.0,0.8571428571428571,0.7142857142857143,10.142857142857142,47.142857142857146,57.285714285714285,9.0,20.353299851142346,4,1,0,Rockwell Collins Innovate Award Winner,16
0,28085,Drexel Dragon Bots,1,Canada,False,4.2,0.4944749703965633,0.6096755373123173,0.6,0.0,0.2,0.0,0.0,0.0,0.0,3.2,0.2,0.0,0.2,0.6,12.0,1.6,21.6,23.2,35.0,-0.7200689937657005,0,5,0,NONE,0
0,24231,BGC Voltage,2,Canada,False,53.3,0.5134957445894801,0.6456561281777076,2.6666666666666665,15.0,0.0,0.0,0.0,0.0,1.3333333333333333,0.5555555555555556,2.2222222222222223,0.3333333333333333,0.0,2.888888888888889,3.3333333333333335,17.666666666666668,63.888888888888886,81.55555555555556,10.0,39.228489674610245,3,3,0,NONE,0
0,22315,Killa-Bytes,3,Canada,False,9.0,0.7795754395295483,0.7134793461777378,1.6363636363636365,1.9090909090909092,0.13636363636363635,0.0,0.2727272727272727,0.0,0.09090909090909091,1.0909090909090908,0.5909090909090909,1.4090909090909092,0.0,0.8181818181818182,2.0454545454545454,6.090909090909091,30.681818181818183,36.77272727272727,19.5,10.53717397506871,9,22,0,Inspire Award Finalist,2
0,24436,Lo-Ellen EDIT (PINK),2,Canada,False,20.0,0.7250459175157651,0.725036311686899,0.25,7.5,0.08333333333333333,0.08333333333333333,0.25,0.08333333333333333,0.0,0.25,1.6666666666666667,1.3333333333333333,0.0,1.1666666666666667,4.583333333333333,4.5,41.5,46.0,19.5,18.57436603265925,3,8,0,NONE,0
0,20168,STS SpartaBots,4,Canada,False,13.649999999999999,0.750242069732149,0.7491131544594665,0.13043478260869565,1.565217391304348,0.08695652173913043,0.17391304347826086,0.17391304347826086,0.0,0.21739130434782608,1.391304347826087,1.0434782608695652,1.7391304347826086,0.043478260869565216,1.8695652173913044,1.7391304347826086,5.739130434782608,45.95652173913044,51.69565217391305,12.25,36.39824749717606,14,17,0,NONE,0
0,23695,Cyber Eagles - Amethyst,2,Canada,True,1.9,0.7546218130368075,0.7342313139188379,0.6666666666666666,2.2222222222222223,0.037037037037037035,0.0,0.5185185185185185,0.0,0.9259259259259259,1.1481481481481481,0.14814814814814814,4.037037037037037,0.07407407407407407,3.1481481481481484,2.7777777777777777,15.148148148148149,71.33333333333333,86.48148148148148,4.0,93.4882156927828,25,6,0,Inspire Award Finalist,2
0,16932,Webber Wildcats,6,Canada,False,18.05,0.693167188099326,0.6969016276014819,2.0454545454545454,2.1818181818181817,0.045454545454545456,0.0,0.6363636363636364,0.0,0.6818181818181818,0.9545454545454546,0.13636363636363635,4.318181818181818,0.13636363636363635,4.090909090909091,2.5,14.590909090909092,86.22727272727273,100.81818181818181,16.333333333333332,58.833142975012905,9,17,0,Finalist Alliance Award Winners,8
0,24842,PhÃ©nix,2,Canada,False,11.7,0.6398784927278016,0.621539634148158,0.0,2.4,0.0,0.0,0.4,0.0,0.6,1.2,0.6,1.4,0.0,2.6,14.0,9.2,45.6,54.8,24.0,34.80657494618599,2,3,0,NONE,0
0,27358,SJHS Gyro Falcons - Leviathans,1,Canada,False,0.0,0.7523429950619978,0.7485012808556963,1.0434782608695652,2.217391304347826,0.43478260869565216,0.0,0.0,0.043478260869565216,0.17391304347826086,1.1304347826086956,2.4782608695652173,0.391304347826087,0.17391304347826086,1.2608695652173914,1.3043478260869565,5.478260869565218,33.91304347826087,39.391304347826086,8.75,17.842059273604367,13,18,0,Motivate Award Winner,22
0,21339,Salisbury Robotics Red,3,Canada,False,40.0,0.6807507301600128,0.7037491262382534,1.1428571428571428,2.2857142857142856,0.09523809523809523,0.14285714285714285,1.4761904761904763,0.0,1.4761904761904763,0.42857142857142855,0.14285714285714285,9.476190476190476,0.0,2.8095238095238093,3.8095238095238093,29.904761904761905,109.61904761904762,139.52380952380952,2.3333333333333335,113.30608146628744,25,1,0,Winning Alliance Award Winners,4
0,25673,ASTRO-ATMOS,1,Canada,False,19.95,0.566410332226424,0.5974379389240071,0.0,0.6,0.0,0.0,0.0,0.0,0.2,1.2,0.4,1.4,0.2,2.2,10.0,2.6,40.2,42.8,36.0,9.691306127557173,1,4,0,NONE,0
0,21594,Pearson Odyssey,3,Canada,False,17.425,0.6831029229409794,0.675877326242982,1.7727272727272727,1.9090909090909092,0.18181818181818182,0.0,0.09090909090909091,0.0,0.8181818181818182,2.3181818181818183,0.09090909090909091,3.3636363636363638,0.09090909090909091,2.5454545454545454,2.727272727272727,11.863636363636363,63.09090909090909,74.95454545454545,5.666666666666667,62.92651739680407,19,7,0,Think Award Winner,10
0,27154,Fireweed Robotics,1,Canada,False,17.0,0.7032216636066895,0.7275995134383685,1.8,5.2,0.0,0.0,0.6666666666666666,0.0,0.6,0.9333333333333333,0.7333333333333333,3.933333333333333,0.0,3.0,2.0,13.933333333333334,76.66666666666667,90.6,12.5,43.68181818181815,5,8,0,Winning Alliance Award Winners,4
0,11712,Unsinkable,9,Canada,True,3.1500000000000004,0.7263656791584647,0.6703266901703347,0.9545454545454546,2.0454545454545454,0.18181818181818182,0.0,0.045454545454545456,0.0,0.18181818181818182,1.5,0.5454545454545454,1.4090909090909092,0.0,1.1363636363636365,0.9090909090909091,4.454545454545454,32.31818181818182,36.77272727272727,19.5,18.804332964415064,7,24,0,Judges' Award Winner,56
0,21595,Mandela United Squadron - WD,3,Canada,False,6.824999999999999,0.6768209516157958,0.7259148852687208,0.0,1.8461538461538463,0.11538461538461539,0.0,0.07692307692307693,0.0,0.6538461538461539,2.1538461538461537,0.23076923076923078,1.9230769230769231,0.038461538461538464,1.9615384615384615,1.9230769230769231,7.730769230769231,47.38461538461539,55.11538461538461,7.0,33.18283565893294,22,9,0,Inspire Award Winner,1
0,27966,Excalibot & the Knights of the Loop Function,1,Canada,False,12.0,0.6167050114819985,0.7063673093367879,0.3,2.1,0.2,0.1,0.3,0.0,0.4,0.9,1.4,1.8,0.0,1.7,6.5,9.0,43.9,52.9,19.5,12.103513969852612,5,5,0,Connect Award Finalist,14
0,27158,Bassem Bots,1,Canada,False,13.0,0.7402650865310455,0.6945593203201839,0.8571428571428571,2.081632653061224,0.07142857142857142,0.0,0.7142857142857143,0.0,0.5,1.5,0.14285714285714285,2.0,0.0,3.5,11.428571428571429,12.357142857142858,64.21428571428571,76.57142857142857,9.5,43.206721969816954,6,5,0,Rockwell Collins Innovate Award Winner,16
0,15259,Mandela United Squadron - Third Unit,7,Canada,False,10.0,0.7468457489396396,0.6701247401291968,1.08,2.1696,0.16,0.04,0.24,0.0,0.2,1.4,1.32,1.16,0.0,1.52,1.6,6.44,40.96,47.4,13.25,25.67638468521867,16,15,0,Inspire Award Finalist,3
0,27820,Rundle Robotics Castle,1,Canada,False,30.0,0.7357714444155914,0.7253396793212074,1.0344827586206897,9.34601664684899,0.06896551724137931,0.0,1.2413793103448276,0.034482758620689655,0.6896551724137931,0.2413793103448276,0.27586206896551724,6.068965517241379,0.034482758620689655,3.896551724137931,2.0689655172413794,19.655172413793103,103.6896551724138,123.34482758620689,6.75,106.32956885283352,21,10,0,Finalist Alliance Award Winners,7
0,22817,KNOTbot,3,Canada,False,35.15,0.7037268111380192,0.6826725239048805,1.5,1.7291666666666667,0.0,0.0,1.3333333333333333,0.0,1.5,0.5,0.3333333333333333,7.416666666666667,0.0,6.333333333333333,3.3333333333333335,28.416666666666668,131.5,159.91666666666666,11.0,90.18439642989813,5,3,0,NONE,0
0,7277,Mandela United Squadron - First Unit,12,Canada,True,8.2,0.712490802822695,0.7090448521044617,1.2692307692307692,6.0,0.11538461538461539,0.0,0.038461538461538464,0.0,0.38461538461538464,1.3846153846153846,1.3846153846153846,1.1153846153846154,0.038461538461538464,1.8076923076923077,0.9615384615384616,6.230769230769231,46.73076923076923,52.96153846153846,14.25,52.02503565375961,17,14,0,Inspire Award Winner,1
0,14715,Peter Lougheed Thunder,7,Canada,False,8.2,0.6428649351499428,0.7249065033318328,0.0,2.727272727272727,0.0,0.0,0.0,0.0,0.36363636363636365,4.454545454545454,0.5454545454545454,0.18181818181818182,0.0,0.8181818181818182,3.6363636363636362,4.7272727272727275,29.454545454545453,34.18181818181818
0,26908,Teamsters,1,Canada,False,75.0,0.6688710438956594,0.6730779128260873,0.0,11.869565217391305,0.043478260869565216,0.0,3.3043478260869565,0.0,1.2608695652173914,0.30434782608695654,0.08695652173913043,11.869565217391305,0.043478260869565216,3.9565217391304346,3.260869565217391,40.82608695652174,154.1304347826087,194.95652173913044,2.0,130.3353818663585,14,2,0,NONE,0
0,24461,Automates,2,Canada,False,103.0,0.6693279600330971,0.6310829591216,1.5,1.125,0.125,0.0,1.25,0.0,2.625,0.125,0.5,4.25,0.0,8.75,5.625,38.75,134.625,173.375,2.0,95.59322145221833,5,0,0,Inspire Award Winner,1
0,25914,LionByte,1,Canada,False,4.2,0.6993582621367176,0.655920051879359,0.8181818181818182,1.6363636363636365,0.45454545454545453,0.09090909090909091,0.0,0.0,0.2727272727272727,1.8181818181818181,0.7272727272727273,0.7272727272727273,0.0,1.5454545454545454,6.363636363636363,5.909090909090909,34.90909090909091,40.81818181818182,23.5,11.175420628632953,2,8,0,NONE,0
0,14023,Phoenix Resurrection - Springbank Robotics Team 3,8,Canada,False,70.3,0.7202662075491155,0.6857799479305394,0.0,10.565217391304348,0.13043478260869565,0.0,1.5217391304347827,0.0,0.5217391304347826,0.30434782608695654,0.0,8.478260869565217,0.13043478260869565,3.739130434782609,1.3043478260869565,19.73913043478261,123.82608695652173,143.56521739130434,1.3333333333333333,101.42443846141843,26,0,0,Winning Alliance Award Winners,4
0,14718,Timberbots,7,Canada,False,8.0,0.7566170467391674,0.6934580149455412,0.0,0.9545454545454546,0.8181818181818182,0.0,0.09090909090909091,0.0,0.3181818181818182,4.2272727272727275,0.45454545454545453,0.7727272727272727,0.13636363636363635,0.9090909090909091,3.6363636363636362,7.045454545454546,32.22727272727273,39.27272727272727,18.0,7.482239163964865,11,20,0,NONE,0
0,16413,Lo-Ellen Robotics,6,Canada,False,86.0,0.7365114426191066,0.7361402229050018,1.7142857142857142,5.808673469387755,0.14285714285714285,0.0,1.3214285714285714,0.0,2.5714285714285716,0.2857142857142857,0.07142857142857142,6.642857142857143,0.0,7.392857142857143,5.892857142857143,38.82142857142857,141.64285714285714,180.46428571428572,2.6666666666666665,149.40213529309568,17,1,0,Inspire Award Finalist,2
0,22092,Cyber Eagles - Jade,3,Canada,True,30.4,0.7755302386272066,0.7599890863384182,2.0,2.4444444444444446,0.037037037037037035,0.0,0.4074074074074074,0.037037037037037035,1.3703703703703705,2.6296296296296298,0.25925925925925924,2.4814814814814814,0.037037037037037035,4.444444444444445,1.4814814814814814,19.37037037037037,75.70370370370371,95.07407407407408,2.5,84.00447025690912,27,4,0,Winning Alliance Award Winners,5
0,22309,Lo-Ellen EDIT (PURPLE),3,Canada,True,13.299999999999999,0.7242547975636445,0.7488875632720736,0.84,8.4,0.0,0.12,0.96,0.0,0.56,0.36,0.6,4.8,0.0,2.84,4.2,16.64,84.92,101.56,11.0,72.56177580124853,11,7,0,Inspire Award Winner,1
0,27831,DVSS Robotics,1,Canada,False,16.8,0.6705045455348428,0.6863704295624493,1.4285714285714286,1.7142857142857142,0.047619047619047616,0.047619047619047616,1.0952380952380953,0.0,0.5238095238095238,0.47619047619047616,0.2857142857142857,5.809523809523809,0.0,4.238095238095238,10.238095238095237,16.142857142857142,96.0952380952381,112.23809523809524,18.666666666666668,53.71267018064123,5,11,1,Finalist Alliance Award Winners,8
0,27514,Hudson College,1,Canada,False,4.4,0.5795835398084418,0.623334972143847,0.0,0.0,0.0,0.0,0.0,0.0,0.4,1.0,0.0,1.0,0.2,1.2,2.0,5.2,27.4,32.6,30.0,8.490301355570969,1,4,0,NONE,0
0,18450,Webber Holokittens,5,Canada,False,56.05,0.7512279856817479,0.6855678115521664,1.826086956521739,5.3478260869565215,0.17391304347826086,0.0,0.6086956521739131,0.0,1.2173913043478262,1.0,0.17391304347826086,3.782608695652174,0.043478260869565216,5.826086956521739,1.0869565217391304,19.217391304347824,106.8695652173913,126.08695652173913,9.0,84.03332793911423,15,11,0,Inspire Award Finalist,2
